Όνομα,Επώνυμο,Τηλέφωνο,Email
Χαρά,Σκετέρη/ης,6955163670,Χαρά@gmail.com
Γιάννης,Σκετέρη/ης,6982318898,Γιάννης@gmail.com
Γιάννης,Γόγγκου,6980041740,Γιάννης@gmail.com
Γιάννης,Γόγγκου,6916739596,Γιάννης@gmail.com
Ορφέας,Γόγγκου,6943699810,Ορφέας@gmail.com
Κωσταντίνα,Σκετέρη/ης,6960443345,Κωσταντίνα@gmail.com
Γιάννης,Γεωργιάδη,6912785076,Γιάννης@gmail.com
Λυδία,Σκετέρη/ης,6905496552,Λυδία@gmail.com
Γιάννης,Μπούσιου/ος,6987991518,Γιάννης@gmail.com
Λυδία,Μπούσιου/ος,6931566628,Λυδία@gmail.com
